id,Title,Ingredients,Instructions,Image,description
784,Food Processor Butter,"1. 2 cups heavy cream, preferably not ultra-pasteurized
2. 1 tsp. kosher salt (optional)
3. 2 Tbsp. sugar
4. 1 Tbsp. ground cinnamon
5. 1 tsp. finely grated orange zest
6. 1/4 cup parsley leaves with tender stems, finely chopped
7. 1 tsp. finely grated garlic
8. 1 tsp. finely grated lemon zest
9. 2 Tbsp. toasted sesame seeds
10. 2 tsp. coarsely grated black pepper
11. 2 tsp. smoked paprika
12. Cheesecloth","Process cream in a food processor until the butter solids have separated from the buttermilk and you see lots of little clumps of butter clinging together distinctly separated from thin milky liquid, 4–7 minutes (unpasteurized cream will separate more quickly). Carefully drain buttermilk; reserve for another use.
Remove jar with blade still attached. Pour cold water over butter solids left in food processor jar, then drain. Repeat until water runs clear, 3–4 times. Pour off as much water as possible out of jar of food processor, using your hands to hold the butter solids in place while you pour. Continue to process until butter forms a solid ball, about 2 minutes. Pour off water again, then add salt (if using) and process to combine.
If making compound butter, add ingredients for chosen flavor and process until fully incorporated.
Transfer butter to a medium bowl lined with a double layer of cheesecloth. Gather cheesecloth up around butter and twist to squeeze until no more liquid runs out of butter. Transfer butter to a sheet of parchment or waxed paper and roll up into a log. Chill until firm, about 1 hour.
Do Ahead: Butter can be made 5 days ahead. Keep chilled.",https://20fix.com/xfood/img/food-processor-butter.jpg,"Ingredients:
1. 2 cups heavy cream, preferably not ultra-pasteurized
2. 1 tsp. kosher salt (optional)
3. 2 Tbsp. sugar
4. 1 Tbsp. ground cinnamon
5. 1 tsp. finely grated orange zest
6. 1/4 cup parsley leaves with tender stems, finely chopped
7. 1 tsp. finely grated garlic
8. 1 tsp. finely grated lemon zest
9. 2 Tbsp. toasted sesame seeds
10. 2 tsp. coarsely grated black pepper
11. 2 tsp. smoked paprika
12. Cheesecloth

Instructions: Process cream in a food processor until the butter solids have separated from the buttermilk and you see lots of little clumps of butter clinging together distinctly separated from thin milky liquid, 4–7 minutes (unpasteurized cream will separate more quickly). Carefully drain buttermilk; reserve for another use.
Remove jar with blade still attached. Pour cold water over butter solids left in food processor jar, then drain. Repeat until water runs clear, 3–4 times. Pour off as much water as possible out of jar of food processor, using your hands to hold the butter solids in place while you pour. Continue to process until butter forms a solid ball, about 2 minutes. Pour off water again, then add salt (if using) and process to combine.
If making compound butter, add ingredients for chosen flavor and process until fully incorporated.
Transfer butter to a medium bowl lined with a double layer of cheesecloth. Gather cheesecloth up around butter and twist to squeeze until no more liquid runs out of butter. Transfer butter to a sheet of parchment or waxed paper and roll up into a log. Chill until firm, about 1 hour.
Do Ahead: Butter can be made 5 days ahead. Keep chilled."
1055,Seafood Sinigang (Sour and Savory Seafood Soup),"1. 1 tablespoon extra virgin olive oil
2. 4 small cloves garlic, finely chopped
3. 1 bunch flat-leaf parsley, finely chopped
4. Grated zest of 2 lemons
5. 4 cups seafood stock or water with dissolved fish bouillon cubes
6. Juice of 1 lemon, plus more to taste
7. 1 teaspoon granulated sugar
8. 2 red onions, chopped
9. 4 tomatoes, chopped
10. 1 pound fish fillets (such as salmon, monkfish, or cod), cut into 4 pieces
11. 1/2 pound long beans or green beans, trimmed and cut into 1-inch pieces
12. 4 fresh whole chiles of your choice
13. 1 bunch water spinach or spinach, thick stems removed
14. Fish sauce, to taste
15. 1 pound mixed shellfish (such as prawns, shrimp, and crab claws), shelled and cooked
16. Cooked rice or crusty bread, for serving","In a 3-quart saucepan, heat the olive oil over medium heat until it shimmers. Add the garlic and cook until it is light golden, then immediately remove the pot from the heat. Transfer the garlic mixture to a bowl and let it cool for 1 minute. Mix with the parsley and lemon zest. Set it aside.
Pour the seafood stock into the same saucepan used to fry the garlic. Add the lemon juice and sugar and bring the mixture to a boil over medium heat. Add the onions and tomatoes. Cover the pan, reduce the heat to low, and simmer for 5 minutes, or until the onions are translucent and the tomatoes are mushy.
Put the fish in a strainer or colander and dunk it into the simmering broth. Cook for 3 to 5 minutes, until opaque throughout. Be careful not to overcook it. Immediately transfer the fish to a plate and set it aside.
Put the beans in the strainer and dunk it into the simmering broth. Cook for about 5 minutes, or until the beans are tender but still vibrant green. Transfer the beans to a plate and set it aside.
Put the chiles and water spinach in the strainer and dunk it into the simmering broth. Cook for about a minute, or until they are tender but still vibrant in color. Transfer the chiles and spinach to a plate and set it aside.
While the broth continues to simmer, taste and add fish sauce and more lemon juice as needed. Distribute and arrange the fish, shellfish, and vegetables into each of four bowls.
Remove the broth from the heat and ladle it into the bowls with the seafood and vegetables. Sprinkle each serving with the gremolata. Serve the soup piping hot, with rice or crusty bread.",https://20fix.com/xfood/img/seafood-sinigang-sour-and-savory-seafood-soup.jpg,"Ingredients:
1. 1 tablespoon extra virgin olive oil
2. 4 small cloves garlic, finely chopped
3. 1 bunch flat-leaf parsley, finely chopped
4. Grated zest of 2 lemons
5. 4 cups seafood stock or water with dissolved fish bouillon cubes
6. Juice of 1 lemon, plus more to taste
7. 1 teaspoon granulated sugar
8. 2 red onions, chopped
9. 4 tomatoes, chopped
10. 1 pound fish fillets (such as salmon, monkfish, or cod), cut into 4 pieces
11. 1/2 pound long beans or green beans, trimmed and cut into 1-inch pieces
12. 4 fresh whole chiles of your choice
13. 1 bunch water spinach or spinach, thick stems removed
14. Fish sauce, to taste
15. 1 pound mixed shellfish (such as prawns, shrimp, and crab claws), shelled and cooked
16. Cooked rice or crusty bread, for serving

Instructions: In a 3-quart saucepan, heat the olive oil over medium heat until it shimmers. Add the garlic and cook until it is light golden, then immediately remove the pot from the heat. Transfer the garlic mixture to a bowl and let it cool for 1 minute. Mix with the parsley and lemon zest. Set it aside.
Pour the seafood stock into the same saucepan used to fry the garlic. Add the lemon juice and sugar and bring the mixture to a boil over medium heat. Add the onions and tomatoes. Cover the pan, reduce the heat to low, and simmer for 5 minutes, or until the onions are translucent and the tomatoes are mushy.
Put the fish in a strainer or colander and dunk it into the simmering broth. Cook for 3 to 5 minutes, until opaque throughout. Be careful not to overcook it. Immediately transfer the fish to a plate and set it aside.
Put the beans in the strainer and dunk it into the simmering broth. Cook for about 5 minutes, or until the beans are tender but still vibrant green. Transfer the beans to a plate and set it aside.
Put the chiles and water spinach in the strainer and dunk it into the simmering broth. Cook for about a minute, or until they are tender but still vibrant in color. Transfer the chiles and spinach to a plate and set it aside.
While the broth continues to simmer, taste and add fish sauce and more lemon juice as needed. Distribute and arrange the fish, shellfish, and vegetables into each of four bowls.
Remove the broth from the heat and ladle it into the bowls with the seafood and vegetables. Sprinkle each serving with the gremolata. Serve the soup piping hot, with rice or crusty bread."
1860,Campechana Extra (Mexican Seafood Cocktail),"1. 2 medium New Mexico (also called Anaheim), poblano, or Hatch chiles (about 6 ounces)
2. 1/2 pound medium shrimp (preferably wild), peeled, deveined, tails removed
3. Kosher salt
4. 1 small tomato, seeded, finely chopped (about 3/4 cup)
5. 1–2 jalapeños, stems, ribs, and seeds removed, finely chopped
6. 1/2 cup tomato–clam cocktail, such as Clamato juice
7. 1/4 cup plus 2 tablespoons ketchup
8. 3 tablespoons chopped pitted green olives
9. 2 tablespoons chopped cilantro
10. 2 tablespoons finely chopped white onion
11. 1 1/2 teaspoons finely chopped oregano
12. 1/2 teaspoon finely chopped garlic
13. 3 tablespoons fresh lime juice
14. 3 tablespoons olive oil
15. 1/2 pound crabmeat (preferably jumbo lump), picked over
16. 1 avocado, pitted, cubed
17. 1 fresh bay leaf (optional)
18. Tortilla chips (for serving)","Prepare a grill for medium-high heat or preheat broiler. If broiling, place chiles on a rimmed baking sheet. Grill, broil, or roast chiles directly over flame on stovetop, turning occasionally, until very tender and blackened all over, 10–12 minutes. Poblanos might take a little longer, so test doneness with a paring knife.
Transfer chiles to a large bowl. Cover with plastic wrap and let steam 15 minutes. Peel chiles. Halve lengthwise, discard seeds, and chop into 1/4"" pieces.
Meanwhile, bring a medium pot of generously salted water to a boil. Cook shrimp until just opaque and pink, 2–3 minutes. Using a slotted spoon, transfer to an ice bath and let sit until cool, about 3 minutes. Drain and pat dry.
Mix chiles, tomato, jalapeños, Clamato juice, ketchup, olives, cilantro, onion, oregano, garlic, lime juice, oil, and 1/4 tsp. salt in a large bowl. Carefully fold in shrimp, crab, and avocado.
Transfer to a serving bowl or tall sundae glass and top with bay leaf, if using. Serve with tortilla chips alongside.
Salsa base (without seafood and avocado) can be made 1 day ahead. Transfer to a resealable container and chill.",https://20fix.com/xfood/img/campechana-extra-mexican-seafood-cocktail.jpg,"Ingredients:
1. 2 medium New Mexico (also called Anaheim), poblano, or Hatch chiles (about 6 ounces)
2. 1/2 pound medium shrimp (preferably wild), peeled, deveined, tails removed
3. Kosher salt
4. 1 small tomato, seeded, finely chopped (about 3/4 cup)
5. 1–2 jalapeños, stems, ribs, and seeds removed, finely chopped
6. 1/2 cup tomato–clam cocktail, such as Clamato juice
7. 1/4 cup plus 2 tablespoons ketchup
8. 3 tablespoons chopped pitted green olives
9. 2 tablespoons chopped cilantro
10. 2 tablespoons finely chopped white onion
11. 1 1/2 teaspoons finely chopped oregano
12. 1/2 teaspoon finely chopped garlic
13. 3 tablespoons fresh lime juice
14. 3 tablespoons olive oil
15. 1/2 pound crabmeat (preferably jumbo lump), picked over
16. 1 avocado, pitted, cubed
17. 1 fresh bay leaf (optional)
18. Tortilla chips (for serving)

Instructions: Prepare a grill for medium-high heat or preheat broiler. If broiling, place chiles on a rimmed baking sheet. Grill, broil, or roast chiles directly over flame on stovetop, turning occasionally, until very tender and blackened all over, 10–12 minutes. Poblanos might take a little longer, so test doneness with a paring knife.
Transfer chiles to a large bowl. Cover with plastic wrap and let steam 15 minutes. Peel chiles. Halve lengthwise, discard seeds, and chop into 1/4"" pieces.
Meanwhile, bring a medium pot of generously salted water to a boil. Cook shrimp until just opaque and pink, 2–3 minutes. Using a slotted spoon, transfer to an ice bath and let sit until cool, about 3 minutes. Drain and pat dry.
Mix chiles, tomato, jalapeños, Clamato juice, ketchup, olives, cilantro, onion, oregano, garlic, lime juice, oil, and 1/4 tsp. salt in a large bowl. Carefully fold in shrimp, crab, and avocado.
Transfer to a serving bowl or tall sundae glass and top with bay leaf, if using. Serve with tortilla chips alongside.
Salsa base (without seafood and avocado) can be made 1 day ahead. Transfer to a resealable container and chill."
2319,Cabbage Blue Food Dye,"1. 1/2 small head of red cabbage, coarsely chopped
2. 1/2 cup sugar
3. 1/2 teaspoon baking soda","Bring cabbage and 3 cups water to a simmer in a medium saucepan over medium-low heat and cook until cabbage is soft and liquid is reduced by about a third, 20–25 minutes.
Remove cabbage with a spider or slotted spoon; discard. Add sugar to cabbage liquid and simmer, swirling pan occasionally, until liquid is a very deep purple and has reduced to about 1 cup, 10–15 minutes. Let dye cool, then stir in baking soda. Mix into frosting or royal icing to make desired color.",https://20fix.com/xfood/img/cabbage-blue-food-dye.jpg,"Ingredients:
1. 1/2 small head of red cabbage, coarsely chopped
2. 1/2 cup sugar
3. 1/2 teaspoon baking soda

Instructions: Bring cabbage and 3 cups water to a simmer in a medium saucepan over medium-low heat and cook until cabbage is soft and liquid is reduced by about a third, 20–25 minutes.
Remove cabbage with a spider or slotted spoon; discard. Add sugar to cabbage liquid and simmer, swirling pan occasionally, until liquid is a very deep purple and has reduced to about 1 cup, 10–15 minutes. Let dye cool, then stir in baking soda. Mix into frosting or royal icing to make desired color."
2320,Turmeric Yellow Food Dye,"1. 1/3 cup sugar
2. 4 teaspoons ground turmeric","Bring sugar, turmeric, and 2 cups water to a boil in a small saucepan over medium-low heat and cook, swirling pan occasionally, until liquid is reduced by about half, 25–30 minutes. Let dye cool before mixing into frosting or royal icing to make desired color.",https://20fix.com/xfood/img/turmeric-yellow-food-dye.jpg,"Ingredients:
1. 1/3 cup sugar
2. 4 teaspoons ground turmeric

Instructions: Bring sugar, turmeric, and 2 cups water to a boil in a small saucepan over medium-low heat and cook, swirling pan occasionally, until liquid is reduced by about half, 25–30 minutes. Let dye cool before mixing into frosting or royal icing to make desired color."
2321,Beet Red Food Dye,"1. 3 medium red beets, peeled, quartered
2. 1/2 cup sugar","Bring beets and 3 cups water to a simmer in a small saucepan over medium-low heat; cook until beets have lost their vibrant red color and liquid is reduced by about one-third, 25–30 minutes.
Remove beets with a slotted spoon. Add sugar to beet liquid and simmer, swirling pan occasionally, until very deep red and reduced to about 1 cup, 10–15 minutes. Let dye cool before using.",https://20fix.com/xfood/img/beet-red-food-dye.jpg,"Ingredients:
1. 3 medium red beets, peeled, quartered
2. 1/2 cup sugar

Instructions: Bring beets and 3 cups water to a simmer in a small saucepan over medium-low heat; cook until beets have lost their vibrant red color and liquid is reduced by about one-third, 25–30 minutes.
Remove beets with a slotted spoon. Add sugar to beet liquid and simmer, swirling pan occasionally, until very deep red and reduced to about 1 cup, 10–15 minutes. Let dye cool before using."
2729,Food Processor Pizza Dough,"1. 3/4 teaspoon active dry yeast
2. 1/2 teaspoon fine sea salt
3. 1 2/3 cups bread flour, plus more for surface","Pulse yeast, salt, and 1 2/3 cups flour in a food processor until combined. With the motor running, add 3/4 cup 100°F–110°F water and process until a ball forms, about 30 seconds.
Turn dough out onto a lightly floured work surface; it should look slightly shaggy and stick to the counter (if dough is too dry, add more warm water by the teaspoonful until tacky). Knead until dough becomes smooth and elastic, about 5 minutes. Divide into 2 balls (each will make a 12–14"" pizza).
Transfer balls to separate large resealable containers or bags. Chill at least overnight and up to 2 days.
Dough can be made 3 months ahead; tightly wrap balls in plastic and freeze.",https://20fix.com/xfood/img/food-processor-pizza-dough.jpg,"Ingredients:
1. 3/4 teaspoon active dry yeast
2. 1/2 teaspoon fine sea salt
3. 1 2/3 cups bread flour, plus more for surface

Instructions: Pulse yeast, salt, and 1 2/3 cups flour in a food processor until combined. With the motor running, add 3/4 cup 100°F–110°F water and process until a ball forms, about 30 seconds.
Turn dough out onto a lightly floured work surface; it should look slightly shaggy and stick to the counter (if dough is too dry, add more warm water by the teaspoonful until tacky). Knead until dough becomes smooth and elastic, about 5 minutes. Divide into 2 balls (each will make a 12–14"" pizza).
Transfer balls to separate large resealable containers or bags. Chill at least overnight and up to 2 days.
Dough can be made 3 months ahead; tightly wrap balls in plastic and freeze."
2838,Almond-Apricot Food Processor Cake,"1. 6 tablespoons unsalted butter, plus more for pan
2. 2 1/2 cups blanched sliced almonds (about 10 ounces), divided
3. 1 pound apricots, divided
4. 1/2 teaspoon kosher salt
5. 1 1/2 cups plus 2 tablespoons sugar, divided
6. 3 large eggs
7. 1 teaspoon vanilla extract
8. 3/4 cup all-purpose flour (regular or gluten-free)
9. 1 1/2 teaspoons baking powder
10. 1 teaspoon amaretto (optional)
11. 2 cups heavy cream
12. A 9-inch cake pan (preferably light-colored metal)","Preheat oven to 325°F. Butter cake pan, then line bottom with parchment paper. Butter parchment, then sprinkle evenly with 1/4 cup almonds.
Pit and coarsely chop 6 oz. apricots. Pulse salt, 1 1/2 cups sugar, and remaining 2 1/4 cups almonds in a food processor until finely ground. Add eggs, vanilla, 6 Tbsp. butter, and half of the chopped apricots; process until very smooth. Add flour and baking powder; pulse until combined, then fold in remaining chopped apricots. Transfer to prepared pan.
Bake cake until golden brown and the center no longer jiggles when shaken, 60–70 minutes. Transfer pan to a wire rack and let cake cool completely.
Meanwhile, pit and slice remaining 10 oz. apricots. Toss apricots, amaretto, if using, and remaining 2 Tbsp. sugar in a medium bowl. Let sit at least 10 minutes or up to 1 hour. Using a whisk or an electric mixer on medium-high speed, whip cream to soft peaks in a large bowl.
Run a knife around edges of cooled cake and invert onto a platter.
Serve with macerated apricots and whipped cream alongside.
Cake can be baked 3 days ahead. Cover and chill. Let come to room temperature before serving.",https://20fix.com/xfood/img/gluten-free-almond-apricot-food-processor-cake.jpg,"Ingredients:
1. 6 tablespoons unsalted butter, plus more for pan
2. 2 1/2 cups blanched sliced almonds (about 10 ounces), divided
3. 1 pound apricots, divided
4. 1/2 teaspoon kosher salt
5. 1 1/2 cups plus 2 tablespoons sugar, divided
6. 3 large eggs
7. 1 teaspoon vanilla extract
8. 3/4 cup all-purpose flour (regular or gluten-free)
9. 1 1/2 teaspoons baking powder
10. 1 teaspoon amaretto (optional)
11. 2 cups heavy cream
12. A 9-inch cake pan (preferably light-colored metal)

Instructions: Preheat oven to 325°F. Butter cake pan, then line bottom with parchment paper. Butter parchment, then sprinkle evenly with 1/4 cup almonds.
Pit and coarsely chop 6 oz. apricots. Pulse salt, 1 1/2 cups sugar, and remaining 2 1/4 cups almonds in a food processor until finely ground. Add eggs, vanilla, 6 Tbsp. butter, and half of the chopped apricots; process until very smooth. Add flour and baking powder; pulse until combined, then fold in remaining chopped apricots. Transfer to prepared pan.
Bake cake until golden brown and the center no longer jiggles when shaken, 60–70 minutes. Transfer pan to a wire rack and let cake cool completely.
Meanwhile, pit and slice remaining 10 oz. apricots. Toss apricots, amaretto, if using, and remaining 2 Tbsp. sugar in a medium bowl. Let sit at least 10 minutes or up to 1 hour. Using a whisk or an electric mixer on medium-high speed, whip cream to soft peaks in a large bowl.
Run a knife around edges of cooled cake and invert onto a platter.
Serve with macerated apricots and whipped cream alongside.
Cake can be baked 3 days ahead. Cover and chill. Let come to room temperature before serving."
3421,Seafood Stew for Two,"1. 1 medium fennel bulb, halved
2. 6 tablespoons olive oil, divided
3. 2 celery stalks, chopped
4. 1 small leek, white and pale-green parts only, sliced
5. 3 garlic cloves, crushed
6. 1 bay leaf
7. Kosher salt, freshly ground pepper
8. 1 pound head-on, shell-on prawns or large shrimp
9. Pinch of saffron (optional)
10. 1/4 cup dry white wine
11. 1 (28-ounce can) whole peeled tomatoes
12. 1 teaspoon fennel seeds
13. 1 small snapper fillet, halved crosswise
14. 6 medium sea scallops, side muscle removed
15. 1/4 pound squid, mix of tentacles and bodies
16. 1/2 pound cockles or littleneck clams, scrubbed
17. 1/2 pound mussels, scrubbed, debearded
18. Small sprigs tarragon (for serving)
19. 1/2 crusty baguette, sliced, toasted
20. Unsalted butter, room temperature (for serving)","Thinly slice half of fennel bulb; set aside. Coarsely chop other half. Heat 2 tablespoons oil in a medium heavy pot over medium-low. Add chopped fennel, celery, leek, garlic, and bay leaf. Season with salt and pepper and cook, stirring occasionally, until vegetables are soft but have not taken on any color, 10–12 minutes.
Meanwhile, remove shells and heads from all but 2 prawns (keep shells and heads for making broth).
Once vegetables are soft, increase heat to medium and add prawn heads and shells and saffron (if using). Cook, stirring occasionally, until shells are bright pink, about 4 minutes. Add wine and bring to a boil. Reduce heat and simmer, stirring occasionally, until reduced by half, about 3 minutes. Add half of tomatoes and 4 cups water. Bring to a strong simmer, then reduce heat and simmer, uncovered, until reduced by about one-third and flavors have melded, 60–70 minutes.
Remove from heat and puree mixture with an immersion blender until smooth (or let cool slightly and puree in batches in a blender). Strain broth through a finemesh sieve into a large measuring glass or bowl (you should have about 3 1/2 cups).
Wipe out pot and heat 2 tablespoons oil over medium. Add fennel seeds, reserved sliced fennel, and remaining tomatoes, crushing them with your hands. Season with salt and pepper and cook, stirring occasionally, until fennel is softened and seeds are toasted, about 5 minutes. Add broth and bring to a simmer.
Meanwhile, heat remaining 2 tablespoons oil in a small skillet over medium-high. Season snapper and scallops with salt and pepper. Cook snapper, skin side down, pressing gently with the back of a spatula to ensure contact with pan, until skin is brown and crisp, about 4 minutes. Turn fish and cook until cooked through, about 1 minute more. Transfer to a plate.
Cook scallops in same skillet (no need to wipe out) until golden brown and just cooked through, about 3 minutes per side; transfer to plate with snapper. Slice squid bodies into 1/4""-thick rings. Add cockles and mussels to pot with broth. Cook until they just start to open, then reduce heat to medium-low and add squid and all prawns, making sure they're submerged in the liquid. Simmer until cockles and mussels are opened and prawns and squid are just cooked through, about 3 minutes (discard any cockles and mussels that do not open).
Divide seafood stew between bowls, placing a head-on prawn on top of each; nestle snapper and scallops into broth and scatter tarragon sprigs over. Serve with bread and butter alongside for dipping into broth.
Broth can be made 1 day ahead; cover and chill.",https://20fix.com/xfood/img/seafood-stew-for-two-56390116.jpg,"Ingredients:
1. 1 medium fennel bulb, halved
2. 6 tablespoons olive oil, divided
3. 2 celery stalks, chopped
4. 1 small leek, white and pale-green parts only, sliced
5. 3 garlic cloves, crushed
6. 1 bay leaf
7. Kosher salt, freshly ground pepper
8. 1 pound head-on, shell-on prawns or large shrimp
9. Pinch of saffron (optional)
10. 1/4 cup dry white wine
11. 1 (28-ounce can) whole peeled tomatoes
12. 1 teaspoon fennel seeds
13. 1 small snapper fillet, halved crosswise
14. 6 medium sea scallops, side muscle removed
15. 1/4 pound squid, mix of tentacles and bodies
16. 1/2 pound cockles or littleneck clams, scrubbed
17. 1/2 pound mussels, scrubbed, debearded
18. Small sprigs tarragon (for serving)
19. 1/2 crusty baguette, sliced, toasted
20. Unsalted butter, room temperature (for serving)

Instructions: Thinly slice half of fennel bulb; set aside. Coarsely chop other half. Heat 2 tablespoons oil in a medium heavy pot over medium-low. Add chopped fennel, celery, leek, garlic, and bay leaf. Season with salt and pepper and cook, stirring occasionally, until vegetables are soft but have not taken on any color, 10–12 minutes.
Meanwhile, remove shells and heads from all but 2 prawns (keep shells and heads for making broth).
Once vegetables are soft, increase heat to medium and add prawn heads and shells and saffron (if using). Cook, stirring occasionally, until shells are bright pink, about 4 minutes. Add wine and bring to a boil. Reduce heat and simmer, stirring occasionally, until reduced by half, about 3 minutes. Add half of tomatoes and 4 cups water. Bring to a strong simmer, then reduce heat and simmer, uncovered, until reduced by about one-third and flavors have melded, 60–70 minutes.
Remove from heat and puree mixture with an immersion blender until smooth (or let cool slightly and puree in batches in a blender). Strain broth through a finemesh sieve into a large measuring glass or bowl (you should have about 3 1/2 cups).
Wipe out pot and heat 2 tablespoons oil over medium. Add fennel seeds, reserved sliced fennel, and remaining tomatoes, crushing them with your hands. Season with salt and pepper and cook, stirring occasionally, until fennel is softened and seeds are toasted, about 5 minutes. Add broth and bring to a simmer.
Meanwhile, heat remaining 2 tablespoons oil in a small skillet over medium-high. Season snapper and scallops with salt and pepper. Cook snapper, skin side down, pressing gently with the back of a spatula to ensure contact with pan, until skin is brown and crisp, about 4 minutes. Turn fish and cook until cooked through, about 1 minute more. Transfer to a plate.
Cook scallops in same skillet (no need to wipe out) until golden brown and just cooked through, about 3 minutes per side; transfer to plate with snapper. Slice squid bodies into 1/4""-thick rings. Add cockles and mussels to pot with broth. Cook until they just start to open, then reduce heat to medium-low and add squid and all prawns, making sure they're submerged in the liquid. Simmer until cockles and mussels are opened and prawns and squid are just cooked through, about 3 minutes (discard any cockles and mussels that do not open).
Divide seafood stew between bowls, placing a head-on prawn on top of each; nestle snapper and scallops into broth and scatter tarragon sprigs over. Serve with bread and butter alongside for dipping into broth.
Broth can be made 1 day ahead; cover and chill."
3450,Food Processor Carrot Cake,"1. 1 pound carrots, peeled and roughly chopped
2. 1 cup pecans
3. 1 cup brown sugar
4. 1/2 cup superfine sugar
5. 1 1/2 cups all-purpose flour
6. 1 teaspoon baking powder
7. 1 teaspoon baking soda
8. 2 teaspoons ground cinnamon
9. 1/2 cup vegetable oil
10. 1/4 cup plain yogurt
11. 2 eggs
12. 2 teaspoons vanilla extract
13. 8 ounces cream cheese, softened
14. 1/4 cup fresh ricotta
15. 1/3 cup powdered sugar
16. 1 tablespoon lemon juice
17. 1 teaspoon vanilla bean paste","Preheat oven to 325°F. Place the carrots and pecans in a food processor and process until finely chopped. Add both the sugars, flour, baking powder, baking soda, cinnamon, oil, yogurt, eggs and vanilla, and pulse in short bursts until combined.
Pour the mixture into a 9"" round springform pan lined with non-stick parchment paper and bake for 55–60 minutes or until just cooked when tested with a skewer. Cool in the pan.
To make the cream cheese frosting, place the cream cheese, ricotta, sugar, lemon juice and vanilla in a food processor and process until smooth. Spread the frosting over the cooled cake to serve.",https://20fix.com/xfood/img/food-processor-carrot-cake-56390081.jpg,"Ingredients:
1. 1 pound carrots, peeled and roughly chopped
2. 1 cup pecans
3. 1 cup brown sugar
4. 1/2 cup superfine sugar
5. 1 1/2 cups all-purpose flour
6. 1 teaspoon baking powder
7. 1 teaspoon baking soda
8. 2 teaspoons ground cinnamon
9. 1/2 cup vegetable oil
10. 1/4 cup plain yogurt
11. 2 eggs
12. 2 teaspoons vanilla extract
13. 8 ounces cream cheese, softened
14. 1/4 cup fresh ricotta
15. 1/3 cup powdered sugar
16. 1 tablespoon lemon juice
17. 1 teaspoon vanilla bean paste

Instructions: Preheat oven to 325°F. Place the carrots and pecans in a food processor and process until finely chopped. Add both the sugars, flour, baking powder, baking soda, cinnamon, oil, yogurt, eggs and vanilla, and pulse in short bursts until combined.
Pour the mixture into a 9"" round springform pan lined with non-stick parchment paper and bake for 55–60 minutes or until just cooked when tested with a skewer. Cool in the pan.
To make the cream cheese frosting, place the cream cheese, ricotta, sugar, lemon juice and vanilla in a food processor and process until smooth. Spread the frosting over the cooled cake to serve."
3786,Superfood Coconut Curry Salmon Salad,"1. Coconut oil or olive oil cooking spray, for the baking dish
2. 1 pound wild salmon fillet
3. 1 tablespoon extra-virgin olive oil
4. 1/2 teaspoon curry powder (add more if desired!)
5. 1 tablespoon fresh lemon juice
6. 1 teaspoon dried oregano, or 2 tablespoons fresh oregano
7. 2 teaspoons reduced-sodium tamari soy sauce
8. 1 tablespoon unrefined coconut oil, at room temperature
9. 1 teaspoon curry powder
10. 3 tablespoons fresh lemon juice
11. 1 teaspoon raw or manuka honey
12. 2 tablespoons reduced-sodium tamari soy sauce
13. 2 cups lacinato kale leaves, finely chopped
14. 2 cups cooked quinoa
15. 1/4 red onion, thinly sliced","Preheat the oven to 350°F. Coat a 9 x 13-inch baking dish with coconut oil or olive oil cooking spray and set aside.
In a medium bowl, whisk together the olive oil, curry, lemon juice, oregano, and tamari soy sauce. Place the salmon into a nonreactive container or baking dish with a lid, and pour the marinade over the top. Using a cooking brush, baste the salmon with the marinade, cover, and place into the fridge for about 30 minutes.
Remove the salmon from the fridge, and transfer to the prepared baking dish. Bake, on middle rack, for about 15 minutes. Remove from the oven and let cool slightly. The salmon should feel slightly firm to the touch.
Meanwhile, in a large bowl, whisk together the coconut oil, curry powder, lemon juice, honey, and tamari soy sauce until well combined. Add the kale, quinoa, and red onion to the bowl and toss gently to coat with the dressing. Flake in the cooked and slightly cooled salmon with fork, and toss to combine.",https://20fix.com/xfood/img/superfood-coconut-curry-salmon-salad-56389609.jpg,"Ingredients:
1. Coconut oil or olive oil cooking spray, for the baking dish
2. 1 pound wild salmon fillet
3. 1 tablespoon extra-virgin olive oil
4. 1/2 teaspoon curry powder (add more if desired!)
5. 1 tablespoon fresh lemon juice
6. 1 teaspoon dried oregano, or 2 tablespoons fresh oregano
7. 2 teaspoons reduced-sodium tamari soy sauce
8. 1 tablespoon unrefined coconut oil, at room temperature
9. 1 teaspoon curry powder
10. 3 tablespoons fresh lemon juice
11. 1 teaspoon raw or manuka honey
12. 2 tablespoons reduced-sodium tamari soy sauce
13. 2 cups lacinato kale leaves, finely chopped
14. 2 cups cooked quinoa
15. 1/4 red onion, thinly sliced

Instructions: Preheat the oven to 350°F. Coat a 9 x 13-inch baking dish with coconut oil or olive oil cooking spray and set aside.
In a medium bowl, whisk together the olive oil, curry, lemon juice, oregano, and tamari soy sauce. Place the salmon into a nonreactive container or baking dish with a lid, and pour the marinade over the top. Using a cooking brush, baste the salmon with the marinade, cover, and place into the fridge for about 30 minutes.
Remove the salmon from the fridge, and transfer to the prepared baking dish. Bake, on middle rack, for about 15 minutes. Remove from the oven and let cool slightly. The salmon should feel slightly firm to the touch.
Meanwhile, in a large bowl, whisk together the coconut oil, curry powder, lemon juice, honey, and tamari soy sauce until well combined. Add the kale, quinoa, and red onion to the bowl and toss gently to coat with the dressing. Flake in the cooked and slightly cooled salmon with fork, and toss to combine."
4308,Seafood Chowder with Bacon and Thyme,"1. 1 1/2 pounds Yukon Gold potatoes, peeled and cut into 1/2-inch cubes (about 2 large potatoes)
2. 1 tablespoon unsalted butter
3. 4 ounces high-quality bacon, sliced into 1/2-inch pieces (about 4 slices)
4. 2 celery stalks, thinly sliced on a bias (about 1/2 cup)
5. 2 medium leeks, white and light-green parts only, halved and thinly sliced (about 1 1/2 cups)
6. 1 garlic clove, minced
7. 1/2 teaspoon kosher salt, plus more for seasoning
8. 1/2 teaspoon fresh thyme leaves
9. 2 pounds skinless haddock (or cod) fillets, cut into 2-inch cubes
10. 3 pounds mixed littleneck clams and cockles, rinsed and scrubbed
11. 2 cups heavy cream
12. Ground white pepper
13. 1/4 cup freshly chopped flat-leaf parsley
14. Crusty bread, for serving","In a large pot, bring about 5 cups of water to a boil, add the potatoes, and simmer until potatoes are cooked through but firm, 10 to 12 minutes. Drain potatoes over a large bowl, reserving cooking liquid. (If making chowder ahead of time, let potatoes cool to room temperature, then refrigerate until ready to serve soup.)
Meanwhile, in a large 5-quart pot, melt butter over medium heat. Add bacon, stirring occasionally, until fat is rendered and bacon begins to brown, about 5 minutes. Add celery, leeks, and garlic, and cook until vegetables are translucent, about 6 minutes. Stir in reserved potato cooking liquid, 1/2 teaspoon salt, and thyme. Bring to a boil over medium-high heat. Turn down the heat, cover, and simmer until liquid is opaque and flavorful, about 30 minutes.
When ready to serve, bring soup base to a boil over medium-high heat. Add cooked potatoes, reduce heat to medium, and simmer. When potatoes are heated through, gently add the fish and the clams, nestling them in the broth. Cover the pot and simmer until clams open and fish is opaque and cooked through, 7 to 9 minutes. Add cream and pepper and bring to a simmer again. Season to taste with salt and pepper. Garnish chowder with parsley and serve with crusty bread.",https://20fix.com/xfood/img/seafood-chowder-with-bacon-and-thyme-51254410.jpg,"Ingredients:
1. 1 1/2 pounds Yukon Gold potatoes, peeled and cut into 1/2-inch cubes (about 2 large potatoes)
2. 1 tablespoon unsalted butter
3. 4 ounces high-quality bacon, sliced into 1/2-inch pieces (about 4 slices)
4. 2 celery stalks, thinly sliced on a bias (about 1/2 cup)
5. 2 medium leeks, white and light-green parts only, halved and thinly sliced (about 1 1/2 cups)
6. 1 garlic clove, minced
7. 1/2 teaspoon kosher salt, plus more for seasoning
8. 1/2 teaspoon fresh thyme leaves
9. 2 pounds skinless haddock (or cod) fillets, cut into 2-inch cubes
10. 3 pounds mixed littleneck clams and cockles, rinsed and scrubbed
11. 2 cups heavy cream
12. Ground white pepper
13. 1/4 cup freshly chopped flat-leaf parsley
14. Crusty bread, for serving

Instructions: In a large pot, bring about 5 cups of water to a boil, add the potatoes, and simmer until potatoes are cooked through but firm, 10 to 12 minutes. Drain potatoes over a large bowl, reserving cooking liquid. (If making chowder ahead of time, let potatoes cool to room temperature, then refrigerate until ready to serve soup.)
Meanwhile, in a large 5-quart pot, melt butter over medium heat. Add bacon, stirring occasionally, until fat is rendered and bacon begins to brown, about 5 minutes. Add celery, leeks, and garlic, and cook until vegetables are translucent, about 6 minutes. Stir in reserved potato cooking liquid, 1/2 teaspoon salt, and thyme. Bring to a boil over medium-high heat. Turn down the heat, cover, and simmer until liquid is opaque and flavorful, about 30 minutes.
When ready to serve, bring soup base to a boil over medium-high heat. Add cooked potatoes, reduce heat to medium, and simmer. When potatoes are heated through, gently add the fish and the clams, nestling them in the broth. Cover the pot and simmer until clams open and fish is opaque and cooked through, 7 to 9 minutes. Add cream and pepper and bring to a simmer again. Season to taste with salt and pepper. Garnish chowder with parsley and serve with crusty bread."
4393,Cioppino Seafood Stew with Gremolata Toasts,"1. 3 garlic cloves, divided
2. 2 tablespoons extra-virgin olive oil
3. 3/4 cup finely chopped onion
4. 1/2 cup packed sliced fennel
5. 1/4 cup finely chopped celery
6. 1 teaspoon kosher salt, divided
7. 1/2 teaspoon freshly ground black pepper, divided
8. 1/2 teaspoon red-pepper flakes
9. 1/2 pound cleaned squid, bodies sliced into 1/2-inch rings, tentacles halved lengthwise if large
10. 1/2 tablespoon tomato paste
11. 1 teaspoon dried oregano
12. 1 cup dry white wine
13. 1 15-ounce can crushed tomatoes
14. 2 bay leaves
15. 1 8-ounce bottle clam juice
16. 1 1/2 cups seafood stock or vegetable broth
17. 1/2 stick (4 tablespoons) unsalted butter, room temperature
18. 3 tablespoons chopped flat-leaf parsley, divided
19. 1/2 teaspoon lemon zest
20. 1 baguette, sliced and toasted
21. 1 pound littleneck clams, soaked in water for 1 hour
22. 1/2 pound medium tail-on shrimp, peeled and deveined
23. 1 pound mussels, scrubbed and de-bearded
24. 1/2 pound skinless flaky white fish such as bass, halibut, hake, or cod, cut into 1-inch pieces","Mince 2 of the garlic cloves. In a large pot over medium heat, heat oil. Add onion, fennel, celery, 1/2 teaspoon salt, and 1/4 teaspoon pepper and cook, stirring occasionally, until softened, 6 to 8 minutes. Add the minced garlic and red-pepper flakes. Continue to cook, stirring constantly, until garlic is golden and fragrant, 1 to 2 minutes more.
Reduce heat to medium-low and add squid. Cook, stirring occasionally, until squid is opaque and tender and the released juices reduce, 15 to 20 minutes. Add tomato paste and oregano and cook, stirring, 1 minute.
Add wine, raise heat to medium-high, and cook until cooking liquid is reduced by half, 5 to 7 minutes. Add tomatoes with their juice, bay leaves, clam juice, and stock. Bring to a boil, reduce to a simmer, and cook, covered, 30 minutes. Stir in 1/4 teaspoon each salt and pepper. Taste and adjust seasoning.
Meanwhile, in a small bowl, mix the butter, 1 tablespoon parsley, lemon zest, and 1/4 teaspoon salt together. Cut remaining garlic clove in half and rub the cut sides on the toasts. Spread the flavored butter on the toasts.
When ready to serve, heat the pot to medium and add clams, cover, and cook for 3 minutes. Stir in the shrimp and mussels. Arrange the fish on top of the stew, cover, and simmer until shellfish opens and fish and shrimp are firm and opaque, about 5 minutes more. Discard bay leaves and stir in remaining 2 tablespoons parsley.
Serve cioppino immediately in large soup bowls with gremolata toasts alongside.",https://20fix.com/xfood/img/cioppino-seafood-stew-with-gremolata-toasts-51248830.jpg,"Ingredients:
1. 3 garlic cloves, divided
2. 2 tablespoons extra-virgin olive oil
3. 3/4 cup finely chopped onion
4. 1/2 cup packed sliced fennel
5. 1/4 cup finely chopped celery
6. 1 teaspoon kosher salt, divided
7. 1/2 teaspoon freshly ground black pepper, divided
8. 1/2 teaspoon red-pepper flakes
9. 1/2 pound cleaned squid, bodies sliced into 1/2-inch rings, tentacles halved lengthwise if large
10. 1/2 tablespoon tomato paste
11. 1 teaspoon dried oregano
12. 1 cup dry white wine
13. 1 15-ounce can crushed tomatoes
14. 2 bay leaves
15. 1 8-ounce bottle clam juice
16. 1 1/2 cups seafood stock or vegetable broth
17. 1/2 stick (4 tablespoons) unsalted butter, room temperature
18. 3 tablespoons chopped flat-leaf parsley, divided
19. 1/2 teaspoon lemon zest
20. 1 baguette, sliced and toasted
21. 1 pound littleneck clams, soaked in water for 1 hour
22. 1/2 pound medium tail-on shrimp, peeled and deveined
23. 1 pound mussels, scrubbed and de-bearded
24. 1/2 pound skinless flaky white fish such as bass, halibut, hake, or cod, cut into 1-inch pieces

Instructions: Mince 2 of the garlic cloves. In a large pot over medium heat, heat oil. Add onion, fennel, celery, 1/2 teaspoon salt, and 1/4 teaspoon pepper and cook, stirring occasionally, until softened, 6 to 8 minutes. Add the minced garlic and red-pepper flakes. Continue to cook, stirring constantly, until garlic is golden and fragrant, 1 to 2 minutes more.
Reduce heat to medium-low and add squid. Cook, stirring occasionally, until squid is opaque and tender and the released juices reduce, 15 to 20 minutes. Add tomato paste and oregano and cook, stirring, 1 minute.
Add wine, raise heat to medium-high, and cook until cooking liquid is reduced by half, 5 to 7 minutes. Add tomatoes with their juice, bay leaves, clam juice, and stock. Bring to a boil, reduce to a simmer, and cook, covered, 30 minutes. Stir in 1/4 teaspoon each salt and pepper. Taste and adjust seasoning.
Meanwhile, in a small bowl, mix the butter, 1 tablespoon parsley, lemon zest, and 1/4 teaspoon salt together. Cut remaining garlic clove in half and rub the cut sides on the toasts. Spread the flavored butter on the toasts.
When ready to serve, heat the pot to medium and add clams, cover, and cook for 3 minutes. Stir in the shrimp and mussels. Arrange the fish on top of the stew, cover, and simmer until shellfish opens and fish and shrimp are firm and opaque, about 5 minutes more. Discard bay leaves and stir in remaining 2 tablespoons parsley.
Serve cioppino immediately in large soup bowls with gremolata toasts alongside."
4925,Seafood Chowder with Squash,"1. 1 tablespoon olive oil
2. 1/2 small white onion, minced
3. 1/2 leek (white and pale green parts), halved lengthwise and thinly sliced
4. 1 shallot, minced
5. 1 garlic clove, minced
6. 1 tablespoon peeled and minced ginger
7. 2 cups peeled, seeded, and cubed winter squash, such as kabocha
8. 1 carrot, sliced
9. 1/2 teaspoon mild curry powder
10. Salt', ""1 lemongrass stalk, bruised with the side of a chef's knife and halved"", '1 bay leaf
11. 3/4 cup unsweetened coconut milk
12. 3 1/2 cups Vegetable Broth or water
13. 1 tablespoon olive oil
14. 1 shallot, minced
15. 1 garlic clove, minced
16. 1/2 cup white wine
17. 1 pound mussels, cleaned
18. 1 cup diced winter squash, such as kabocha
19. 1 cup diced potatoes
20. 8 baby turnips, peeled and quartered
21. 8 baby radishes, halved
22. 1/2 pound medium shrimp, peeled, deveined, and halved
23. 1/2 pound skinless black sea bass fillet, cut into small chunks
24. 1 ají dulce or other small red pepper, cored, seeded, halved crosswise, and julienned
25. Salt and pepper
26. Extra-virgin olive oil
27. 2 tablespoons minced red onion
28. 1 tablespoon finely chopped chives
29. Aleppo pepper","Make the chowder base. In a medium pot, heat the olive oil over medium-low heat. Add the onion and cook until softened, about 6 minutes. Add the leek, shallot, garlic, and ginger and cook, stirring occasionally, until the leek is softened, about 6 minutes. Add the squash, carrot, and curry powder, season with salt, and cook, stirring, for a few minutes.
Raise the heat to medium-high, add the lemongrass, bay leaf, coconut milk, and broth, and bring to a simmer. Cook the chowder base until the squash and carrots are very tender, about 30 minutes.
Meanwhile, make the mussels. In a medium pot, heat the olive oil over medium-low heat. Add the shallot and garlic and cook, stirring often, until softened, about 3 minutes. Increase the heat to high, add the wine, and bring to a boil. Add the mussels, cover the pot, and steam them until they just open wide, 3 to 4 minutes.
Using a slotted spoon, transfer the mussels to a medium bowl. Remove the mussels from the shells; discard the shells and any mussels that haven't opened. Strain the broth into a small bowl.
Once the squash is tender, discard the lemongrass and bay leaf. Process the chowder base in a blender until very smooth and creamy, then pass through a fine-mesh strainer into a large pot.
Bring the chowder base to a simmer, then add the raw diced squash, potatoes, and turnips and cook until tender, about 10 minutes. Add the radishes, shrimp, and sea bass and simmer for about 3 minutes. Stir in the mussels and red pepper. The soup's consistency should be thinner than traditional chowder—add a splash of the reserved mussel liquid, if needed. Season with a touch of salt and pepper. Serve the chowder in bowls, topped with a drizzle of extra-virgin olive oil, the red onion, chives, and Aleppo pepper.",https://20fix.com/xfood/img/seafood-chowder-with-squash-51212610.jpg,"Ingredients:
1. 1 tablespoon olive oil
2. 1/2 small white onion, minced
3. 1/2 leek (white and pale green parts), halved lengthwise and thinly sliced
4. 1 shallot, minced
5. 1 garlic clove, minced
6. 1 tablespoon peeled and minced ginger
7. 2 cups peeled, seeded, and cubed winter squash, such as kabocha
8. 1 carrot, sliced
9. 1/2 teaspoon mild curry powder
10. Salt', ""1 lemongrass stalk, bruised with the side of a chef's knife and halved"", '1 bay leaf
11. 3/4 cup unsweetened coconut milk
12. 3 1/2 cups Vegetable Broth or water
13. 1 tablespoon olive oil
14. 1 shallot, minced
15. 1 garlic clove, minced
16. 1/2 cup white wine
17. 1 pound mussels, cleaned
18. 1 cup diced winter squash, such as kabocha
19. 1 cup diced potatoes
20. 8 baby turnips, peeled and quartered
21. 8 baby radishes, halved
22. 1/2 pound medium shrimp, peeled, deveined, and halved
23. 1/2 pound skinless black sea bass fillet, cut into small chunks
24. 1 ají dulce or other small red pepper, cored, seeded, halved crosswise, and julienned
25. Salt and pepper
26. Extra-virgin olive oil
27. 2 tablespoons minced red onion
28. 1 tablespoon finely chopped chives
29. Aleppo pepper

Instructions: Make the chowder base. In a medium pot, heat the olive oil over medium-low heat. Add the onion and cook until softened, about 6 minutes. Add the leek, shallot, garlic, and ginger and cook, stirring occasionally, until the leek is softened, about 6 minutes. Add the squash, carrot, and curry powder, season with salt, and cook, stirring, for a few minutes.
Raise the heat to medium-high, add the lemongrass, bay leaf, coconut milk, and broth, and bring to a simmer. Cook the chowder base until the squash and carrots are very tender, about 30 minutes.
Meanwhile, make the mussels. In a medium pot, heat the olive oil over medium-low heat. Add the shallot and garlic and cook, stirring often, until softened, about 3 minutes. Increase the heat to high, add the wine, and bring to a boil. Add the mussels, cover the pot, and steam them until they just open wide, 3 to 4 minutes.
Using a slotted spoon, transfer the mussels to a medium bowl. Remove the mussels from the shells; discard the shells and any mussels that haven't opened. Strain the broth into a small bowl.
Once the squash is tender, discard the lemongrass and bay leaf. Process the chowder base in a blender until very smooth and creamy, then pass through a fine-mesh strainer into a large pot.
Bring the chowder base to a simmer, then add the raw diced squash, potatoes, and turnips and cook until tender, about 10 minutes. Add the radishes, shrimp, and sea bass and simmer for about 3 minutes. Stir in the mussels and red pepper. The soup's consistency should be thinner than traditional chowder—add a splash of the reserved mussel liquid, if needed. Season with a touch of salt and pepper. Serve the chowder in bowls, topped with a drizzle of extra-virgin olive oil, the red onion, chives, and Aleppo pepper."
5181,Seafood en Brodo with Tarragon Pesto,"1. 4 pounds fish bones
2. 4 medium onions, chopped
3. 4 fennel bulbs, chopped
4. 4 small carrots (about 8 ounces), chopped
5. 1/2 cup olive oil, divided
6. Kosher salt, freshly ground pepper
7. freshly ground pepper
8. 1 teaspoon saffron threads
9. 2 leeks, white and pale-green parts only, halved lengthwise, thinly sliced crosswise
10. 4 garlic cloves, thinly sliced
11. 1 cup dry vermouth
12. 8 fresh flat-leaf parsley stems
13. 4 1"" strips lemon zest removed with a vegetable peeler
14. 2 bay leaves
15. 2 teaspoons black peppercorns
16. 1 garlic clove, chopped
17. 1 cup fresh flat-leaf parsley leaves
18. 1/2 cup fresh tarragon leaves
19. 1/4 cup extra-virgin olive oil
20. Kosher salt, freshly ground pepper
21. freshly ground pepper
22. 3 1/2 pounds clams or cockles, scrubbed
23. 8 4-ounce firm fish fillets (such as halibut, snapper, or cod)
24. Kosher salt, freshly ground pepper
25. freshly ground pepper
26. Olive oil (for drizzling)
27. 8 slices country-style bread, toasted","Preheat oven to 450°F. Divide bones, onions, fennel, carrots, and 1/4 cup oil between 2 rimmed baking sheets; season with salt and pepper and toss to coat. Roast, tossing halfway through, until vegetables are softened and browned, 60–75 minutes.
Heat saffron and remaining 1/4 cup oil in a large pot over medium-high heat, stirring, until fragrant, about 2 minutes. Add leeks and garlic; season with salt and pepper and cook, stirring often, until golden, 8–10 minutes. Add vermouth; bring to a boil, reduce heat, and simmer, stirring occasionally, until slightly reduced, about 3 minutes.
Add roasted bones and vegetables, parsley stems, lemon zest, bay leaves, peppercorns, and 10 cups water to pot. Bring to a boil, reduce heat, and simmer gently, skimming as needed, until reduced by half, about 1 hour. Strain through a sieve into a clean pot; discard solids. Season with salt.
Pulse garlic, parsley, and tarragon in a food processor until very finely chopped. With motor running, slowly add oil, and process until smooth; season with salt and pepper.
Return broth to a simmer; add shellfish, cover pot, and cook until shellfish open (discard any that do not open), about 5 minutes. Transfer shellfish to a large bowl and add a ladleful of broth; tent with foil. Season fish with salt and pepper; add to broth in pot. Cover; cook fish gently until opaque throughout, about 4 minutes.
Divide fish and shellfish among shallow bowls and ladle broth over. Drizzle stew with oil, top with pesto, and serve with toast.
DO AHEAD: Brodo can be made 3 days ahead. Cover and chill. Pesto can be made 1 day ahead. Press plastic wrap directly on surface and chill.",https://20fix.com/xfood/img/seafood-en-brodo-with-tarragon-pesto-51193680.jpg,"Ingredients:
1. 4 pounds fish bones
2. 4 medium onions, chopped
3. 4 fennel bulbs, chopped
4. 4 small carrots (about 8 ounces), chopped
5. 1/2 cup olive oil, divided
6. Kosher salt, freshly ground pepper
7. freshly ground pepper
8. 1 teaspoon saffron threads
9. 2 leeks, white and pale-green parts only, halved lengthwise, thinly sliced crosswise
10. 4 garlic cloves, thinly sliced
11. 1 cup dry vermouth
12. 8 fresh flat-leaf parsley stems
13. 4 1"" strips lemon zest removed with a vegetable peeler
14. 2 bay leaves
15. 2 teaspoons black peppercorns
16. 1 garlic clove, chopped
17. 1 cup fresh flat-leaf parsley leaves
18. 1/2 cup fresh tarragon leaves
19. 1/4 cup extra-virgin olive oil
20. Kosher salt, freshly ground pepper
21. freshly ground pepper
22. 3 1/2 pounds clams or cockles, scrubbed
23. 8 4-ounce firm fish fillets (such as halibut, snapper, or cod)
24. Kosher salt, freshly ground pepper
25. freshly ground pepper
26. Olive oil (for drizzling)
27. 8 slices country-style bread, toasted

Instructions: Preheat oven to 450°F. Divide bones, onions, fennel, carrots, and 1/4 cup oil between 2 rimmed baking sheets; season with salt and pepper and toss to coat. Roast, tossing halfway through, until vegetables are softened and browned, 60–75 minutes.
Heat saffron and remaining 1/4 cup oil in a large pot over medium-high heat, stirring, until fragrant, about 2 minutes. Add leeks and garlic; season with salt and pepper and cook, stirring often, until golden, 8–10 minutes. Add vermouth; bring to a boil, reduce heat, and simmer, stirring occasionally, until slightly reduced, about 3 minutes.
Add roasted bones and vegetables, parsley stems, lemon zest, bay leaves, peppercorns, and 10 cups water to pot. Bring to a boil, reduce heat, and simmer gently, skimming as needed, until reduced by half, about 1 hour. Strain through a sieve into a clean pot; discard solids. Season with salt.
Pulse garlic, parsley, and tarragon in a food processor until very finely chopped. With motor running, slowly add oil, and process until smooth; season with salt and pepper.
Return broth to a simmer; add shellfish, cover pot, and cook until shellfish open (discard any that do not open), about 5 minutes. Transfer shellfish to a large bowl and add a ladleful of broth; tent with foil. Season fish with salt and pepper; add to broth in pot. Cover; cook fish gently until opaque throughout, about 4 minutes.
Divide fish and shellfish among shallow bowls and ladle broth over. Drizzle stew with oil, top with pesto, and serve with toast.
DO AHEAD: Brodo can be made 3 days ahead. Cover and chill. Pesto can be made 1 day ahead. Press plastic wrap directly on surface and chill."
5357,Raspberry Fool with Toasted Angel Food Cake,"1. 4 cups 1"" pieces angel food cake (from about 1/3 of a cake)
2. 2 1/2 cups raspberries (about 12 ounces)
3. 2 tablespoons plus 1/4 cup sugar
4. 1 teaspoon finely grated lime zest plus more for serving
5. 1 cup heavy cream
6. 1/4 cup crème fraîche or sour cream","Preheat oven to 375°F. Spread cake pieces on a parchment-lined baking sheet. Toast until edges are golden brown but centers are still soft, 8-10 minutes. Let cool; set aside.
Using a fork, coarsely mash raspberries, 2 tablespoons sugar, and 1 teaspoon lime zest in a small bowl. Let sit 5 minutes.
Meanwhile, beat cream, crème fraîche, and remaining 1/4 cup sugar in a medium bowl until soft peaks form, about 2 minutes.
Layer cake, raspberry mixture, and cream mixture in glasses or small bowls; top with lime zest.",https://20fix.com/xfood/img/raspberry-fool-with-toasted-angel-food-cake-51178640.jpg,"Ingredients:
1. 4 cups 1"" pieces angel food cake (from about 1/3 of a cake)
2. 2 1/2 cups raspberries (about 12 ounces)
3. 2 tablespoons plus 1/4 cup sugar
4. 1 teaspoon finely grated lime zest plus more for serving
5. 1 cup heavy cream
6. 1/4 cup crème fraîche or sour cream

Instructions: Preheat oven to 375°F. Spread cake pieces on a parchment-lined baking sheet. Toast until edges are golden brown but centers are still soft, 8-10 minutes. Let cool; set aside.
Using a fork, coarsely mash raspberries, 2 tablespoons sugar, and 1 teaspoon lime zest in a small bowl. Let sit 5 minutes.
Meanwhile, beat cream, crème fraîche, and remaining 1/4 cup sugar in a medium bowl until soft peaks form, about 2 minutes.
Layer cake, raspberry mixture, and cream mixture in glasses or small bowls; top with lime zest."
6074,Seafood Risotto (Risotto ai Fruitti di Mare),"1. 2 1/2 cups fish or vegetable stock
2. 1/3 cup olive oil
3. 3 tablespoons unsalted butter
4. 1 small onion, minced (about 1/2 cup)
5. 1 1/3 cups Carnaroli or Vialone Nano rice
6. 1/2 cup dry white wine
7. 8 small clams, such as Manila
8. 8 mussels, scrubbed and debearded
9. 4 ounces squid, cleaned and cut into thin rings
10. 4 medium sea scallops
11. 1/2 cup peeled, crushed, and seeded plum tomatoes
12. 1/2 cup loosely packed chopped fresh flat-leaf parsley
13. 1/2 teaspoon chopped garlic
14. 1 tablespoon brandy
15. 1 tablespoon extra-virgin olive oil
16. 1/2 cup freshly grated Parmigiano-Reggiano, optional
17. Salt and freshly ground black pepper
18. N/A freshly ground black pepper","1. In a small saucepan, warm the fish or vegetable stock. Keep warm.
2. In a large saucepan over moderately low heat, warm the olive oil. Add 1 tablespoon of the butter and the onion, and sauté, stirring occasionally, until tender (there should be no color), about 5 minutes. Add the rice and toast lightly for 1 minute without letting the rice or onion take on any color.
3. Add the wine and cook until almost completely absorbed. Add most of the stock (it should come about 1/2 inch above the rice) and bring to a simmer. Cook the risotto, stirring occasionally, until the rice has absorbed some of the liquid, about 8 minutes.
4. Add the clams, mussels, squid, scallops, and tomatoes, and continue cooking, stirring occasionally, until the seafood is cooked and the rice is al dente, about 6 minutes more. As the rice continues to absorb the liquid, add more as needed.
5. Remove the risotto from the heat and add the parsley, garlic, brandy, olive oil, Parmigiano-Reggiano, if using, and the remaining 2 tablespoons butter. Stir well to release the starches and make the risotto creamy. Season to taste with salt and pepper, and serve immediately.",https://20fix.com/xfood/img/seafood-risotto-risotto-ai-fruitti-di-mare-51112620.jpg,"Ingredients:
1. 2 1/2 cups fish or vegetable stock
2. 1/3 cup olive oil
3. 3 tablespoons unsalted butter
4. 1 small onion, minced (about 1/2 cup)
5. 1 1/3 cups Carnaroli or Vialone Nano rice
6. 1/2 cup dry white wine
7. 8 small clams, such as Manila
8. 8 mussels, scrubbed and debearded
9. 4 ounces squid, cleaned and cut into thin rings
10. 4 medium sea scallops
11. 1/2 cup peeled, crushed, and seeded plum tomatoes
12. 1/2 cup loosely packed chopped fresh flat-leaf parsley
13. 1/2 teaspoon chopped garlic
14. 1 tablespoon brandy
15. 1 tablespoon extra-virgin olive oil
16. 1/2 cup freshly grated Parmigiano-Reggiano, optional
17. Salt and freshly ground black pepper
18. N/A freshly ground black pepper

Instructions: 1. In a small saucepan, warm the fish or vegetable stock. Keep warm.
2. In a large saucepan over moderately low heat, warm the olive oil. Add 1 tablespoon of the butter and the onion, and sauté, stirring occasionally, until tender (there should be no color), about 5 minutes. Add the rice and toast lightly for 1 minute without letting the rice or onion take on any color.
3. Add the wine and cook until almost completely absorbed. Add most of the stock (it should come about 1/2 inch above the rice) and bring to a simmer. Cook the risotto, stirring occasionally, until the rice has absorbed some of the liquid, about 8 minutes.
4. Add the clams, mussels, squid, scallops, and tomatoes, and continue cooking, stirring occasionally, until the seafood is cooked and the rice is al dente, about 6 minutes more. As the rice continues to absorb the liquid, add more as needed.
5. Remove the risotto from the heat and add the parsley, garlic, brandy, olive oil, Parmigiano-Reggiano, if using, and the remaining 2 tablespoons butter. Stir well to release the starches and make the risotto creamy. Season to taste with salt and pepper, and serve immediately."
6784,Seafood Paella with Edamame,"1. 2 cups low-sodium chicken broth
2. 1/2 teaspoon saffron threads
3. 1 tablespoon olive oil
4. 1 cup chopped onion
5. 2/3 cup diced red bell pepper
6. 2/3 cup diced green bell pepper
7. 1/2 cup canned diced tomatoes, drained
8. 1 tablespoon chopped garlic
9. 1 tablespoon chopped fresh thyme or 1 teaspoon dried
10. 1 teaspoon salt
11. 1/2 teaspoon freshly ground black pepper
12. 1 cup short-grain rice (such as arborio)
13. 1 cup frozen shelled edamame, thawed
14. 1/2 pound large shrimp, shelled and deveined
15. 1/2 pound sea scallops, halved if large
16. 2 tablespoons chopped fresh cilantro","In a small pan, heat broth; turn off heat. Add saffron; let sit. In a large nonstick skillet, heat oil over medium heat. Cook onion and bell peppers, covered, stirring occasionally, 5 minutes. Add tomatoes, garlic, thyme, salt and pepper; cook, stirring, until liquid has almost completely reduced, 3 minutes. Stir in rice; cook, stirring, 1 minute. Add broth; bring to a boil. Reduce heat; simmer, covered, 15 minutes. Add edamame, shrimp and scallops; simmer, covered, until seafood is fully cooked, about 10 minutes. Let rest 5 minutes. Garnish with cilantro.",https://20fix.com/xfood/img/seafood-paella-with-edamame-367830.jpg,"Ingredients:
1. 2 cups low-sodium chicken broth
2. 1/2 teaspoon saffron threads
3. 1 tablespoon olive oil
4. 1 cup chopped onion
5. 2/3 cup diced red bell pepper
6. 2/3 cup diced green bell pepper
7. 1/2 cup canned diced tomatoes, drained
8. 1 tablespoon chopped garlic
9. 1 tablespoon chopped fresh thyme or 1 teaspoon dried
10. 1 teaspoon salt
11. 1/2 teaspoon freshly ground black pepper
12. 1 cup short-grain rice (such as arborio)
13. 1 cup frozen shelled edamame, thawed
14. 1/2 pound large shrimp, shelled and deveined
15. 1/2 pound sea scallops, halved if large
16. 2 tablespoons chopped fresh cilantro

Instructions: In a small pan, heat broth; turn off heat. Add saffron; let sit. In a large nonstick skillet, heat oil over medium heat. Cook onion and bell peppers, covered, stirring occasionally, 5 minutes. Add tomatoes, garlic, thyme, salt and pepper; cook, stirring, until liquid has almost completely reduced, 3 minutes. Stir in rice; cook, stirring, 1 minute. Add broth; bring to a boil. Reduce heat; simmer, covered, 15 minutes. Add edamame, shrimp and scallops; simmer, covered, until seafood is fully cooked, about 10 minutes. Let rest 5 minutes. Garnish with cilantro."
7011,Seafood Paella,"1. 1 large onion, finely chopped
2. 5 tablespoons olive oil
3. 2 garlic cloves, crushed to a paste or finely chopped
4. 2 tomatoes, peeled and chopped
5. 1/2 teaspoon sugar
6. Salt
7. 1 teaspoon pimentón dulce (or sweet paprika)
8. A good pinch of saffron threads
9. 4 cleaned small squid, bodies sliced into 1/4-inch-wide rings, tentacles left whole
10. 2 cups medium-grain Spanish paella rice or risotto rice, such as Arborio or Carnaroli
11. 3 cups fish or chicken stock, plus more if needed
12. 1 cup dry white wine
13. 12 jumbo shrimp in their shells
14. 16 mussels, scrubbed and debearded","Fry the onion in the oil in a 16-inch paella pan until soft, stirring often. Stir in the garlic, and before it begins to color, add the tomatoes. Add the sugar, salt to taste, pimentón (or paprika), and saffron, stir well, and cook until the tomatoes are reduced to a jammy sauce and the oil is sizzling. Add the squid and cook, stirring, for a minute or so. Add the rice and stir well until all the grains are coated. (You can prepare the dish to this point up to an hour in advance.)
Bring the stock and wine to a boil in a saucepan. Pour over the rice, bring to a boil, and add salt to taste (even if the broth tastes a bit salty, it will not be salty when it is absorbed by the rice). Stir well and spread the rice out evenly in the pan (do not stir again). Cook the rice over low heat for 18 to 20 minutes, moving the pan around and rotating it so that the rice cooks evenly. Lay the shrimp on top after 10 minutes and turn them when they have become pink on the first side. Add a little more hot stock toward the end if the rice seems too dry and you hear crackly frying noises before it is done. When the rice is done, turn off the heat and cover the pan with a large piece of foil.
Steam the mussels with a finger of water in a pan with a tight-fitting lid. As soon as they open, they are cooked. Throw away any that have not opened.
Arrange the mussels on top of the paella.",https://20fix.com/xfood/img/seafood-paella-366249.jpg,"Ingredients:
1. 1 large onion, finely chopped
2. 5 tablespoons olive oil
3. 2 garlic cloves, crushed to a paste or finely chopped
4. 2 tomatoes, peeled and chopped
5. 1/2 teaspoon sugar
6. Salt
7. 1 teaspoon pimentón dulce (or sweet paprika)
8. A good pinch of saffron threads
9. 4 cleaned small squid, bodies sliced into 1/4-inch-wide rings, tentacles left whole
10. 2 cups medium-grain Spanish paella rice or risotto rice, such as Arborio or Carnaroli
11. 3 cups fish or chicken stock, plus more if needed
12. 1 cup dry white wine
13. 12 jumbo shrimp in their shells
14. 16 mussels, scrubbed and debearded

Instructions: Fry the onion in the oil in a 16-inch paella pan until soft, stirring often. Stir in the garlic, and before it begins to color, add the tomatoes. Add the sugar, salt to taste, pimentón (or paprika), and saffron, stir well, and cook until the tomatoes are reduced to a jammy sauce and the oil is sizzling. Add the squid and cook, stirring, for a minute or so. Add the rice and stir well until all the grains are coated. (You can prepare the dish to this point up to an hour in advance.)
Bring the stock and wine to a boil in a saucepan. Pour over the rice, bring to a boil, and add salt to taste (even if the broth tastes a bit salty, it will not be salty when it is absorbed by the rice). Stir well and spread the rice out evenly in the pan (do not stir again). Cook the rice over low heat for 18 to 20 minutes, moving the pan around and rotating it so that the rice cooks evenly. Lay the shrimp on top after 10 minutes and turn them when they have become pink on the first side. Add a little more hot stock toward the end if the rice seems too dry and you hear crackly frying noises before it is done. When the rice is done, turn off the heat and cover the pan with a large piece of foil.
Steam the mussels with a finger of water in a pan with a tight-fitting lid. As soon as they open, they are cooked. Throw away any that have not opened.
Arrange the mussels on top of the paella."
7920,Lime Angel Food Cake with Lime Glaze and Pistachios,"1. 1 cup cake flour
2. 1 1/2 cups superfine sugar, divided
3. 1/4 teaspoon salt
4. 10 large egg whites, room temperature
5. 2 teaspoons finely grated lime peel
6. 1 teaspoon vanilla extract
7. 1 teaspoon cream of tartar
8. 1/2 cup sugar
9. 4 tablespoons fresh lime juice, divided
10. 1/2 cup unsalted raw pistachios (about 2 ounces), finely chopped in processor
11. 1/2 cup powdered sugar
12. 10-inch-diameter angel food cake pan with 4-inch-high sides and removable bottom (do not use nonstick pan)","Position rack in center of oven and preheat to 350°F. Sift flour, 1/2 cup superfine sugar, and salt into medium bowl; repeat sifting 3 times. Using electric mixer, beat egg whites, lime peel, and vanilla on medium speed in large bowl until frothy (mixture may turn neon green but color will change when remaining ingredients are added). Add cream of tartar; increase speed to high and beat until soft peaks form. Gradually add remaining 1 cup sugar, 2 tablespoons at a time, beating until stiff peaks form. Sprinkle 1/3 of flour mixture over whites and gently fold in until incorporated. Fold in remaining flour mixture in 2 more additions just until incorporated. Transfer to ungreased 10-inch angel food cake pan with 4-inch-high sides and removable bottom (do not use nonstick pan); smooth top.
Bake cake until pale golden and tester inserted near center comes out clean, about 38 minutes. Immediately invert cake onto work surface if pan has feet, or invert center tube of pan onto neck of bottle or metal funnel and cool cake completely.
Using long thin knife, cut around cake sides and center tube to loosen. Lift out center tube with cake still attached; run knife between cake and bottom of pan to loosen. Invert cake onto rack, then turn cake over, rounded side up. Set rack with cake atop rimmed baking sheet.
Combine sugar and 3 tablespoons lime juice in small saucepan; stir over medium heat until sugar dissolves. Brush syrup all over top and sides of cake. Immediately press pistachios onto top and sides of cake, pressing to adhere.
Stir powdered sugar with remaining 1 tablespoon lime juice in small bowl until smooth. Drizzle glaze over top of cake. Let stand until glaze sets, about 10 minutes. DO AHEAD: Cake can be made up to 1 day ahead. Cover with cake dome and store at room temperature.
Transfer cake to platter; cut into wedges and serve.",https://20fix.com/xfood/img/lime-angel-food-cake-with-lime-glaze-and-pistachios-358238.jpg,"Ingredients:
1. 1 cup cake flour
2. 1 1/2 cups superfine sugar, divided
3. 1/4 teaspoon salt
4. 10 large egg whites, room temperature
5. 2 teaspoons finely grated lime peel
6. 1 teaspoon vanilla extract
7. 1 teaspoon cream of tartar
8. 1/2 cup sugar
9. 4 tablespoons fresh lime juice, divided
10. 1/2 cup unsalted raw pistachios (about 2 ounces), finely chopped in processor
11. 1/2 cup powdered sugar
12. 10-inch-diameter angel food cake pan with 4-inch-high sides and removable bottom (do not use nonstick pan)

Instructions: Position rack in center of oven and preheat to 350°F. Sift flour, 1/2 cup superfine sugar, and salt into medium bowl; repeat sifting 3 times. Using electric mixer, beat egg whites, lime peel, and vanilla on medium speed in large bowl until frothy (mixture may turn neon green but color will change when remaining ingredients are added). Add cream of tartar; increase speed to high and beat until soft peaks form. Gradually add remaining 1 cup sugar, 2 tablespoons at a time, beating until stiff peaks form. Sprinkle 1/3 of flour mixture over whites and gently fold in until incorporated. Fold in remaining flour mixture in 2 more additions just until incorporated. Transfer to ungreased 10-inch angel food cake pan with 4-inch-high sides and removable bottom (do not use nonstick pan); smooth top.
Bake cake until pale golden and tester inserted near center comes out clean, about 38 minutes. Immediately invert cake onto work surface if pan has feet, or invert center tube of pan onto neck of bottle or metal funnel and cool cake completely.
Using long thin knife, cut around cake sides and center tube to loosen. Lift out center tube with cake still attached; run knife between cake and bottom of pan to loosen. Invert cake onto rack, then turn cake over, rounded side up. Set rack with cake atop rimmed baking sheet.
Combine sugar and 3 tablespoons lime juice in small saucepan; stir over medium heat until sugar dissolves. Brush syrup all over top and sides of cake. Immediately press pistachios onto top and sides of cake, pressing to adhere.
Stir powdered sugar with remaining 1 tablespoon lime juice in small bowl until smooth. Drizzle glaze over top of cake. Let stand until glaze sets, about 10 minutes. DO AHEAD: Cake can be made up to 1 day ahead. Cover with cake dome and store at room temperature.
Transfer cake to platter; cut into wedges and serve."
8039,"""Top Tier"" Devil's Food Cake with Sour Cream-Fudge Frosting","1. 1/4 cup natural unsweetened cocoa powder
2. 1 ounce high-quality milk chocolate (such as Lindt, Perugina, or Valrhona), chopped
3. 1/4 cup boiling water
4. 1/4 cup buttermilk
5. 2/3 cup cake flour
6. 1/2 teaspoon baking soda
7. 1/4 teaspoon salt
8. 1/3 cup (packed) dark brown sugar
9. 1/4 cup sugar
10. 1/4 cup canola oil
11. 1 large egg
12. 1/2 teaspoon vanilla extract
13. 8 ounces high-quality milk chocolate (such as Lindt, Perugina, or Valrhona), chopped
14. 1/4 cup (1/2 stick) unsalted butter, room temperature
15. 2/3 cup sour cream
16. 4 teaspoons light corn syrup
17. Organic roses (for garnish)
18. 2 5-inch-diameter cake pans with 2-inch-high sides","Position rack in center of oven; preheat to 350°F. Butter two 5-inch cake pans with 2-inch-high sides. Line bottom of pans with parchment paper; butter parchment. Combine cocoa powder and milk chocolate in medium bowl. Pour 1/4 cup boiling water over; whisk until mixture is smooth. Whisk in buttermilk.
Whisk flour, baking soda, and salt in another medium bowl. Using electric mixer, beat both sugars, oil, egg, and vanilla in large bowl until well blended. Add flour and cocoa mixtures; beat until blended (batter will be thin). Divide batter between pans.
Bake cakes until tester inserted into center comes out with some crumbs attached, 28 to 30 minutes. Cool in pans on racks 15 minutes. Turn out onto racks; peel off parchment. Turn over; cool on racks.
Place chocolate in large metal bowl. Set bowl over saucepan of simmering water and stir until melted and smooth. Remove bowl from over water. Add butter and stir until melted, then add sour cream and corn syrup and whisk until smooth. Let frosting stand at room temperature until thick enough to spread, about 20 minutes.
Using serrated knife, trim top of cakes to make level. Cut each cake horizontally in half. Place 1 cake layer, cut side up, on platter. Spread 1/4 cup frosting over, leaving 1/2-inch border. Top with second cake layer, cut side down. Spread 1/4 cup frosting over, leaving 1/2-inch border. Top with third cake layer, cut side up. Spread 1/4 cup frosting over, leaving 1/2-inch border. Top with remaining cake layer, cut side down. Spread 1/3 cup frosting over top and sides. Chill until frosting is set, about 30 minutes. Keep remaining frosting at room temperature.
Spread remaining frosting evenly over top and sides of cake. DO AHEAD: Can be made 2 days ahead. Cover with cake dome and store at room temperature.
Arrange roses atop cake and serve.",https://20fix.com/xfood/img/#NAME?.jpg,"Ingredients:
1. 1/4 cup natural unsweetened cocoa powder
2. 1 ounce high-quality milk chocolate (such as Lindt, Perugina, or Valrhona), chopped
3. 1/4 cup boiling water
4. 1/4 cup buttermilk
5. 2/3 cup cake flour
6. 1/2 teaspoon baking soda
7. 1/4 teaspoon salt
8. 1/3 cup (packed) dark brown sugar
9. 1/4 cup sugar
10. 1/4 cup canola oil
11. 1 large egg
12. 1/2 teaspoon vanilla extract
13. 8 ounces high-quality milk chocolate (such as Lindt, Perugina, or Valrhona), chopped
14. 1/4 cup (1/2 stick) unsalted butter, room temperature
15. 2/3 cup sour cream
16. 4 teaspoons light corn syrup
17. Organic roses (for garnish)
18. 2 5-inch-diameter cake pans with 2-inch-high sides

Instructions: Position rack in center of oven; preheat to 350°F. Butter two 5-inch cake pans with 2-inch-high sides. Line bottom of pans with parchment paper; butter parchment. Combine cocoa powder and milk chocolate in medium bowl. Pour 1/4 cup boiling water over; whisk until mixture is smooth. Whisk in buttermilk.
Whisk flour, baking soda, and salt in another medium bowl. Using electric mixer, beat both sugars, oil, egg, and vanilla in large bowl until well blended. Add flour and cocoa mixtures; beat until blended (batter will be thin). Divide batter between pans.
Bake cakes until tester inserted into center comes out with some crumbs attached, 28 to 30 minutes. Cool in pans on racks 15 minutes. Turn out onto racks; peel off parchment. Turn over; cool on racks.
Place chocolate in large metal bowl. Set bowl over saucepan of simmering water and stir until melted and smooth. Remove bowl from over water. Add butter and stir until melted, then add sour cream and corn syrup and whisk until smooth. Let frosting stand at room temperature until thick enough to spread, about 20 minutes.
Using serrated knife, trim top of cakes to make level. Cut each cake horizontally in half. Place 1 cake layer, cut side up, on platter. Spread 1/4 cup frosting over, leaving 1/2-inch border. Top with second cake layer, cut side down. Spread 1/4 cup frosting over, leaving 1/2-inch border. Top with third cake layer, cut side up. Spread 1/4 cup frosting over, leaving 1/2-inch border. Top with remaining cake layer, cut side down. Spread 1/3 cup frosting over top and sides. Chill until frosting is set, about 30 minutes. Keep remaining frosting at room temperature.
Spread remaining frosting evenly over top and sides of cake. DO AHEAD: Can be made 2 days ahead. Cover with cake dome and store at room temperature.
Arrange roses atop cake and serve."
8172,Devil's Food Cake with Chocolate Spiderweb,"1. 1 cup semisweet chocolate chips
2. 2 cups all-purpose flour
3. 1 1/4 teaspoons baking soda
4. 1/2 teaspoon salt
5. 1 cup boiling-hot water
6. 3/4 cup unsweetened cocoa powder (not Dutch process)
7. 1/2 cup milk
8. 1 teaspoon pure vanilla extract
9. 2 sticks unsalted butter, softened
10. 1 1/4 cups packed dark brown sugar
11. 3/4 cup granulated sugar
12. 4 large eggs, warmed in very warm water 10 minutes
13. 3 large egg whites
14. 1 1/2 cups sugar
15. 6 tablespoons water', ""1 1/2 tablespoons instant espresso powder (optional; see cooks' note, below)"", 'Equipment: 3 (9- by 2-inch) round cake pans; a pastry bag with writing tip (slightly less than 1/8 inch); a handheld electric mixer","Preheat oven to 350°F with racks in upper and lower thirds. Butter cake pans, then line bottoms with rounds of parchment paper. Dust pans with flour, knocking out excess.
Whisk together flour, baking soda, and salt in a small bowl.
Whisk together boiling-hot water and cocoa in another bowl until smooth, then whisk in milk and vanilla.
Beat butter and sugars with an electric mixer at medium-high speed until light and fluffy, about 3 minutes. Add eggs 1 at a time, beating well after each addition. At low speed, mix in flour mixture in 3 batches, alternating with cocoa mixture, beginning and ending with flour, and mixing until just combined.
Divide batter among pans, smoothing tops. Bake, switching position of pans halfway through, until a wooden pick inserted into center comes out clean and cakes begin to pull away from sides of pans, 20 to 25 minutes.
Cool cakes in pans on racks 20 minutes, then turn out onto racks to cool completely.
Trace a 9-inch circle on a sheet of parchment paper, then draw a spiderweb inside circle. Next to web, draw a 2-to 3-inch spider. Turn drawings over onto a baking sheet.
Melt chocolate chips in a heatproof bowl set over a saucepan of simmering water, stirring. Cool slightly, then transfer to pastry bag. Pipe chocolate onto web, beginning with spokes, and onto spider on parchment, then freeze until firm, about 1 hour.
Put frosting ingredients in a heatproof large bowl set over a pot of simmering water. Beat with handheld mixer at low speed until mixture is warm and sugar has dissolved. Continue to beat at high speed until thick and fluffy, 7 to 10 minutes. Remove bowl from heat and beat frosting until cooled slightly, 5 to 10 minutes more.
Place a cake layer on a serving plate. Spread top with some of frosting. Top with another cake layer and spread with some of frosting, then top with final cake layer. Frost top and sides of cake with remaining frosting.
Cut off portion of parchment with spider and reserve. Invert web on parchment onto cake and carefully peel off paper. Peel off parchment from spider and put spider on web. Let cake stand at room temperature until chocolate decorations have softened.",https://20fix.com/xfood/img/devils-food-cake-with-chocolate-spiderweb-356170.jpg,"Ingredients:
1. 1 cup semisweet chocolate chips
2. 2 cups all-purpose flour
3. 1 1/4 teaspoons baking soda
4. 1/2 teaspoon salt
5. 1 cup boiling-hot water
6. 3/4 cup unsweetened cocoa powder (not Dutch process)
7. 1/2 cup milk
8. 1 teaspoon pure vanilla extract
9. 2 sticks unsalted butter, softened
10. 1 1/4 cups packed dark brown sugar
11. 3/4 cup granulated sugar
12. 4 large eggs, warmed in very warm water 10 minutes
13. 3 large egg whites
14. 1 1/2 cups sugar
15. 6 tablespoons water', ""1 1/2 tablespoons instant espresso powder (optional; see cooks' note, below)"", 'Equipment: 3 (9- by 2-inch) round cake pans; a pastry bag with writing tip (slightly less than 1/8 inch); a handheld electric mixer

Instructions: Preheat oven to 350°F with racks in upper and lower thirds. Butter cake pans, then line bottoms with rounds of parchment paper. Dust pans with flour, knocking out excess.
Whisk together flour, baking soda, and salt in a small bowl.
Whisk together boiling-hot water and cocoa in another bowl until smooth, then whisk in milk and vanilla.
Beat butter and sugars with an electric mixer at medium-high speed until light and fluffy, about 3 minutes. Add eggs 1 at a time, beating well after each addition. At low speed, mix in flour mixture in 3 batches, alternating with cocoa mixture, beginning and ending with flour, and mixing until just combined.
Divide batter among pans, smoothing tops. Bake, switching position of pans halfway through, until a wooden pick inserted into center comes out clean and cakes begin to pull away from sides of pans, 20 to 25 minutes.
Cool cakes in pans on racks 20 minutes, then turn out onto racks to cool completely.
Trace a 9-inch circle on a sheet of parchment paper, then draw a spiderweb inside circle. Next to web, draw a 2-to 3-inch spider. Turn drawings over onto a baking sheet.
Melt chocolate chips in a heatproof bowl set over a saucepan of simmering water, stirring. Cool slightly, then transfer to pastry bag. Pipe chocolate onto web, beginning with spokes, and onto spider on parchment, then freeze until firm, about 1 hour.
Put frosting ingredients in a heatproof large bowl set over a pot of simmering water. Beat with handheld mixer at low speed until mixture is warm and sugar has dissolved. Continue to beat at high speed until thick and fluffy, 7 to 10 minutes. Remove bowl from heat and beat frosting until cooled slightly, 5 to 10 minutes more.
Place a cake layer on a serving plate. Spread top with some of frosting. Top with another cake layer and spread with some of frosting, then top with final cake layer. Frost top and sides of cake with remaining frosting.
Cut off portion of parchment with spider and reserve. Invert web on parchment onto cake and carefully peel off paper. Peel off parchment from spider and put spider on web. Let cake stand at room temperature until chocolate decorations have softened."
8507,Clam and Calamari Seafood Stew with Salsa Verde,"1. 2 tablespoons finely chopped fresh Italian parsley
2. 1 tablespoon chopped fresh oregano
3. 1 tablespoon chopped fresh mint
4. 2 teaspoons chopped fresh thyme
5. 1 tablespoon red wine vinegar
6. 1 teaspoon whole grain Dijon mustard
7. 1/2 cup extra-virgin olive oil
8. 1 2 1/4-to 2 1/2-pound whole striped bass, scaled, gutted, boned, head removed; fillets skinned and cut into 1-inch cubes, all bones, skin, and head reserved for broth
9. 5 cups water
10. 5 tablespoons extra-virgin olive oil
11. 1 2/3 cups chopped red onion
12. 1 2/3 cups chopped fresh fennel bulb
13. 2 garlic cloves, thinly sliced
14. 1/2 teaspoon (scant) dried crushed red pepper
15. 1/4 cup tomato paste
16. 20 large brine-cured green olives (such as Castelvetrano or Cerignola)
17. 16 Manila clams, scrubbed
18. 4 ounces cleaned squid; bodies cut into 1/2-inch-wide rings, tentacles halved
19. 8 1/2-inch-thick slices country bread","Combine all herbs in medium bowl. Whisk in vinegar and mustard, then gradually whisk in oil. Season salsa verde to taste with salt and pepper. Cover and let stand at room temperature until ready to use, up to 2 hours.
Bring fish bones, skin, and head and 5 cups water to simmer in large saucepan over medium-high heat. Reduce heat to medium and simmer until broth is reduced to 4 cups, about 30 minutes; strain broth into bowl.
Heat oil in heavy large pot over medium-low heat. Add onion, fennel, and garlic. Sauté until very soft but not brown, about 25 minutes. Mix in crushed red pepper; stir 1 minute. Add tomato paste and stir until beginning to darken, about 5 minutes. Add broth and olives and bring to simmer. Add all fish and seafood. Simmer uncovered until clams open and fish and squid are just opaque in center and tender, 6 to 8 minutes (discard any clams that do not open). Season seafood stew to taste with salt and pepper.
Toast bread. Cut each slice in half. Place 2 bread halves in each of 4 shallow bowls. Ladle stew over bread, dividing equally. Drizzle stew with salsa verde. Serve, passing remaining bread and salsa verde separately.",https://20fix.com/xfood/img/clam-and-calamari-seafood-stew-with-salsa-verde-354858.jpg,"Ingredients:
1. 2 tablespoons finely chopped fresh Italian parsley
2. 1 tablespoon chopped fresh oregano
3. 1 tablespoon chopped fresh mint
4. 2 teaspoons chopped fresh thyme
5. 1 tablespoon red wine vinegar
6. 1 teaspoon whole grain Dijon mustard
7. 1/2 cup extra-virgin olive oil
8. 1 2 1/4-to 2 1/2-pound whole striped bass, scaled, gutted, boned, head removed; fillets skinned and cut into 1-inch cubes, all bones, skin, and head reserved for broth
9. 5 cups water
10. 5 tablespoons extra-virgin olive oil
11. 1 2/3 cups chopped red onion
12. 1 2/3 cups chopped fresh fennel bulb
13. 2 garlic cloves, thinly sliced
14. 1/2 teaspoon (scant) dried crushed red pepper
15. 1/4 cup tomato paste
16. 20 large brine-cured green olives (such as Castelvetrano or Cerignola)
17. 16 Manila clams, scrubbed
18. 4 ounces cleaned squid; bodies cut into 1/2-inch-wide rings, tentacles halved
19. 8 1/2-inch-thick slices country bread

Instructions: Combine all herbs in medium bowl. Whisk in vinegar and mustard, then gradually whisk in oil. Season salsa verde to taste with salt and pepper. Cover and let stand at room temperature until ready to use, up to 2 hours.
Bring fish bones, skin, and head and 5 cups water to simmer in large saucepan over medium-high heat. Reduce heat to medium and simmer until broth is reduced to 4 cups, about 30 minutes; strain broth into bowl.
Heat oil in heavy large pot over medium-low heat. Add onion, fennel, and garlic. Sauté until very soft but not brown, about 25 minutes. Mix in crushed red pepper; stir 1 minute. Add tomato paste and stir until beginning to darken, about 5 minutes. Add broth and olives and bring to simmer. Add all fish and seafood. Simmer uncovered until clams open and fish and squid are just opaque in center and tender, 6 to 8 minutes (discard any clams that do not open). Season seafood stew to taste with salt and pepper.
Toast bread. Cut each slice in half. Place 2 bread halves in each of 4 shallow bowls. Ladle stew over bread, dividing equally. Drizzle stew with salsa verde. Serve, passing remaining bread and salsa verde separately."
8759,Mexican Seafood Sauté with Avocado-Mango Salsa,"1. 1 mango, peeled, pitted, diced (about 1 1/2 cups)
2. 1 large avocado, peeled, pitted, diced
3. 1 large shallot, chopped (about 1/4 cup)
4. 1 jalapeño chile, seeded, finely chopped (about 1 1/2 tablespoons)
5. 2 tablespoons finely chopped fresh mint
6. 2 tablespoons fresh lime juice
7. 1/3 cup chopped shallots (about 2 medium)
8. 1/4 cup fresh lime juice
9. 1/4 cup tequila
10. 2 garlic cloves, pressed
11. 2 teaspoons ground cumin
12. 1/3 cup plus 4 tablespoons olive oil, divided
13. 1 1/2 pounds uncooked jumbo shrimp, peeled, deveined
14. 1 pound sea scallops, side muscles removed
15. 12 green onions, thinly sliced (white and pale green parts only; about 1 1/2 cups)
16. Lime slices","Mix all ingredients in medium bowl. Season to taste with salt. Cover and chill. DO AHEAD: Can be made 2 hours ahead. Keep chilled.
Whisk first 5 ingredients in small bowl to blend. Gradually whisk in 1/3 cup olive oil. Season marinade to taste with salt and pepper.
Place shrimp in large resealable plastic bag. Place scallops in another large resealable plastic bag. Pour marinade into bags, dividing equally (about 1/2 cup each). Seal bags; turn to coat. Chill at least 30 minutes and up to 1 hour.
Drain shrimp and scallops; pour marinade into small saucepan. Bring marinade to boil; set aside.
Pat scallops dry. Heat 2 tablespoons oil in heavy large skillet over medium-high heat. Add scallops to skillet and sauté until beginning to brown, about 11/2 minutes per side. Transfer to large bowl. Add remaining 2 tablespoons oil to skillet. Add shrimp and green onions; sauté until shrimp are almost opaque in center, stirring often, about 3 minutes. Return scallops with any accumulated juices to skillet. Add boiled marinade. Simmer until seafood is just opaque in center and mixture is heated through, 1 to 2 minutes. Transfer to large shallow bowl. Garnish with lime slices. Serve with salsa.
Mexican beer is a natural match for this menu. We like Bohemia ($8 per six-pack) because it's refreshing, crisp, and slightly spicy.",https://20fix.com/xfood/img/mexican-seafood-saute-with-avocado-mango-salsa-353396.jpg,"Ingredients:
1. 1 mango, peeled, pitted, diced (about 1 1/2 cups)
2. 1 large avocado, peeled, pitted, diced
3. 1 large shallot, chopped (about 1/4 cup)
4. 1 jalapeño chile, seeded, finely chopped (about 1 1/2 tablespoons)
5. 2 tablespoons finely chopped fresh mint
6. 2 tablespoons fresh lime juice
7. 1/3 cup chopped shallots (about 2 medium)
8. 1/4 cup fresh lime juice
9. 1/4 cup tequila
10. 2 garlic cloves, pressed
11. 2 teaspoons ground cumin
12. 1/3 cup plus 4 tablespoons olive oil, divided
13. 1 1/2 pounds uncooked jumbo shrimp, peeled, deveined
14. 1 pound sea scallops, side muscles removed
15. 12 green onions, thinly sliced (white and pale green parts only; about 1 1/2 cups)
16. Lime slices

Instructions: Mix all ingredients in medium bowl. Season to taste with salt. Cover and chill. DO AHEAD: Can be made 2 hours ahead. Keep chilled.
Whisk first 5 ingredients in small bowl to blend. Gradually whisk in 1/3 cup olive oil. Season marinade to taste with salt and pepper.
Place shrimp in large resealable plastic bag. Place scallops in another large resealable plastic bag. Pour marinade into bags, dividing equally (about 1/2 cup each). Seal bags; turn to coat. Chill at least 30 minutes and up to 1 hour.
Drain shrimp and scallops; pour marinade into small saucepan. Bring marinade to boil; set aside.
Pat scallops dry. Heat 2 tablespoons oil in heavy large skillet over medium-high heat. Add scallops to skillet and sauté until beginning to brown, about 11/2 minutes per side. Transfer to large bowl. Add remaining 2 tablespoons oil to skillet. Add shrimp and green onions; sauté until shrimp are almost opaque in center, stirring often, about 3 minutes. Return scallops with any accumulated juices to skillet. Add boiled marinade. Simmer until seafood is just opaque in center and mixture is heated through, 1 to 2 minutes. Transfer to large shallow bowl. Garnish with lime slices. Serve with salsa.
Mexican beer is a natural match for this menu. We like Bohemia ($8 per six-pack) because it's refreshing, crisp, and slightly spicy."
8806,Strawberry Angel-Food Trifle,"1. 1 pound frozen strawberries
2. 1/2 cup sugar
3. 1 store-bought angel-food cake
4. 16-ounce container fat-free or full-fat Greek yogurt","Place the strawberries and sugar in a saucepan. Heat gently until the strawberries are soft and the sugar has dissolved. Allow the juices to reduce slightly, until they have the consistency of a thin syrup. Let cool.
Tear fist-sized pieces from the angel-food cake and use them to line the bottom of a large, clear bowl or trifle dish. Cover with a layer of Greek yogurt and a layer of strawberries in syrup, filling in any holes in the previous layer. Add another layer of cake and continue building until all the ingredients have been used, ending with a few spoonfuls of yogurt and strawberries as a garnish.",https://20fix.com/xfood/img/strawberry-angel-food-trifle-353012.jpg,"Ingredients:
1. 1 pound frozen strawberries
2. 1/2 cup sugar
3. 1 store-bought angel-food cake
4. 16-ounce container fat-free or full-fat Greek yogurt

Instructions: Place the strawberries and sugar in a saucepan. Heat gently until the strawberries are soft and the sugar has dissolved. Allow the juices to reduce slightly, until they have the consistency of a thin syrup. Let cool.
Tear fist-sized pieces from the angel-food cake and use them to line the bottom of a large, clear bowl or trifle dish. Cover with a layer of Greek yogurt and a layer of strawberries in syrup, filling in any holes in the previous layer. Add another layer of cake and continue building until all the ingredients have been used, ending with a few spoonfuls of yogurt and strawberries as a garnish."
